i,success,f_si28_ag_s32,f_s32_ga_si28,f_mg24_ag_si28,f_ne20_ga_o16,X32,X28,XO16
0,1,0.37398354076279555,2.393969083241786,0.5480263980011082,0.8360803749961713,0.004254399660881106,0.4145498814319209,0.5205692216881859
1,1,0.9492858511882116,0.599424658290792,0.38874264875229275,1.5655532376111818,0.09046257536970793,0.2884983219492787,0.5276582466857465
2,1,1.2832682045563564,0.2595022221368254,5.060843369357529,1.9523113167973596,0.2864413988652763,0.13245734799213438,0.5810618097461793
3,1,0.5918121075109937,1.8649168900702846,0.7242925998477606,0.9589437752435267,0.033241798703134644,0.4136957979686934,0.534815912569349
4,1,1.7244607079220964,0.4197585587738326,1.4885288429845909,2.6284135561583386,0.26874314983928554,0.15267969820252855,0.5779921204876722
5,1,2.492811377781341,0.81299981245578,1.8658460283194525,0.32623096422996567,0.21597601847446213,0.21366976003999186,0.5690138672086527
6,1,0.8964854014098153,1.3640967670402004,0.39529350470042834,0.9451347315460746,0.04124801749503863,0.3511656911606758,0.5209549908743676
7,1,3.291713129244389,6.10165752617451,1.710836090165042,1.772515161458864,0.20895664991350574,0.22260094544744202,0.5680666579382468
8,1,0.5155888372487785,0.43369409988654384,0.37697486639113525,1.4536640458777408,0.06424864598523702,0.3028226813778006,0.5186442095249201
9,1,1.681054597223842,0.6344127523001989,0.42795440826293374,1.1947232916187445,0.12176838953340602,0.2562287743389486,0.5340908543695284
10,1,1.2412831943055675,0.9136008457299949,2.4043347653778495,0.9378022333838878,0.2053804817690681,0.22688054647847847,0.5675002161809355
11,1,0.9553328976929016,0.46508856296951145,1.0984671030187214,2.53584864887849,0.187991578190514,0.24473683531874438,0.5639186705159436
12,1,1.043141458486784,1.0502057217422578,1.349262223237009,1.211281538220554,0.15591306950869044,0.28421778669430164,0.5591541790472335
13,1,1.442366795459592,1.4488261991624682,1.5328688697383401,0.5774239099334385,0.1564891008622748,0.28353417144636267,0.559235777227863
14,1,1.230295070472074,0.3305137429054337,1.2023742003823878,0.4183240808464322,0.1525159605486847,0.2691402969910907,0.5531492700817938
15,1,0.9519601267148012,1.3874422618110929,0.7508338982328746,1.069830438133534,0.07929216679917886,0.3625807449188413,0.5432363909565663
16,1,0.3220139223316652,0.5531238089050744,1.6087350959894962,0.4504443304667943,0.052333822865393016,0.39999804678429607,0.5404423216411528
17,1,1.5672407552505734,0.3832586929770505,0.5343001090088574,0.4692155623377642,0.13019485423941263,0.23901884276596777,0.5333849047008085
18,1,1.0049482736629824,1.4464651377707838,0.4789141247623929,0.88218197100735,0.04997634754874301,0.3611576720159281,0.5281733447650028
19,1,3.066094524373494,0.8031236524247461,0.5691877044720107,1.3060918070972234,0.17017211735139479,0.23052199741778204,0.5509478211705269
20,1,0.8568569471490884,0.615875258243745,0.28925844499809916,1.7599392883481548,0.07695368144080636,0.2770909593593238,0.5176447663289246
21,1,0.6740469213924121,1.0005427687354587,0.4796309335553689,2.4576178348362188,0.07279515062903391,0.35336326423592823,0.5373572815549804
22,1,1.6763391299132686,1.969077332653703,0.9265618048708886,1.3815784778259876,0.15078223651243905,0.2894337805625233,0.5580803147229504
23,1,1.8500443725788618,2.0272289972965303,1.2408378050848834,0.9581391683178263,0.17040971248930156,0.2673481709129512,0.5615784817538341
24,1,0.7801104684323976,0.5962203631272627,0.5132823465975539,1.2823612826202289,0.08225074585728342,0.31795615118091924,0.5319684901424093
25,1,0.8445672571062907,0.25190861298447975,0.8983089257975193,2.0852074235980878,0.16291594395252776,0.2582762971259039,0.5552502755975598
26,1,0.8268915041111932,0.2779708281464224,0.9176930055997748,1.7198570725794193,0.15032684777048358,0.27182395090327394,0.5528262626275973
27,1,1.1497398360994016,0.744008105883535,3.584979434844491,3.715231393031513,0.29117491007806845,0.12690943512298597,0.5818414612797506
28,1,0.9342701849301447,1.7540163283058294,1.3114396699274886,1.7156664952479823,0.15428130290714154,0.28640405170079103,0.5589615199764479
29,1,2.7288612552336486,1.76220250230803,1.0624575899626105,0.6367197270722016,0.16804907077331205,0.2677878682433753,0.5605247934425711
30,1,0.5707342509106574,0.9825135494736544,2.225642280223424,1.2307115061349487,0.13896764199457629,0.30437491765491187,0.5564362651206205
31,1,1.0373301332401024,1.1944870814222297,1.0249976241086758,1.4593887892747066,0.136032158180993,0.3062991546280064,0.5555249536598437
32,1,0.4603747819742096,0.2555204711821655,0.74551259518732,0.45214512606955887,0.07277604643014939,0.32226231330728194,0.528460432479922
33,1,3.051697038683601,0.8963073172754249,0.8397267660189297,0.3455841293341881,0.1607475645699281,0.2551558861065869,0.5532658420467167
34,1,1.2151385804375978,0.6500044946566339,2.170434474330523,1.7879950383550294,0.23627369955438704,0.19090867517153476,0.5726762948489297
35,1,0.5851014438758774,1.3280515469499041,0.15250186986067857,0.6280707385781655,0.012891327823220663,0.2503517965751737,0.47797304654698225
36,1,2.365192312449861,1.726085914080453,1.1287617041159717,0.9799673796762716,0.18408199510709872,0.2508438577676186,0.5637023664893195
37,1,0.3750988414728965,0.3908499878499171,1.1668726685902078,3.3770215305899973,0.1357170875033035,0.3073701134304644,0.5556765989792295
38,1,0.22321997028650725,1.5436415195015465,1.5148127706873005,1.9285342555430134,0.06083594101608522,0.3954905956800726,0.5434049523567088
39,1,0.5485623537152123,0.6939015837618555,1.0320606711695135,0.49173877683981393,0.06169629968888282,0.37784582761671687,0.5387974497240473
40,1,0.4277728433453242,0.5432408979742983,0.9522082959962432,1.294839696368951,0.07164431756925717,0.3695662445094084,0.5414101544545724
41,1,0.9831547425080083,1.0548196158303818,0.6234850359761661,0.6077832115726812,0.065406819412456,0.3533297029390042,0.5336502292073909
42,1,2.1686369068061153,0.9628436086813859,0.9446607753417594,1.9089561401709592,0.20709971552308779,0.22189906579211943,0.5669468703553611
43,1,2.3526706655726204,2.4090103042267796,1.3236332409867273,0.9658338752113519,0.19080601886637408,0.2436396383317464,0.5650014735692869
44,1,1.2212238060375535,1.1318573699120973,2.625694332968472,1.2235283522922038,0.21459091045763548,0.2161553878445407,0.5690412324258358
45,1,1.55425295703674,0.9809202181660637,2.578193771896287,0.24219083876194825,0.18432551190248517,0.25112769462814816,0.5638639994399838
46,1,1.300626874632248,1.6850671057245827,0.4490164426318208,4.416650506301056,0.1405685091531045,0.29461558906101715,0.5544587980713218
47,1,0.9014028656739969,0.8946449525872863,0.4744246626117947,1.8339599838688934,0.08351057261915372,0.32953181051085795,0.5359058630555218
48,1,1.167724048109978,0.6645412804759486,1.1691731699371828,1.6064039083553536,0.17479245209488506,0.2603722700000507,0.561784887371291
49,1,2.3147355541188457,1.1609615390169752,0.5135147620611621,0.680797039636431,0.11096471933849694,0.2890696301608504,0.5380698859778406
50,1,0.2044013255770161,0.6030806054605228,1.6631856534289902,1.3794787522830463,0.05762271335369963,0.3989072268241718,0.5427785111323736
51,1,0.9281906415814827,0.7898945397862953,2.9878592696690323,1.2152688380386782,0.20229314818764527,0.23054254927683562,0.5670047728621228
52,1,1.87440708530456,1.3137764413852817,0.6297773602792367,2.928267141067649,0.17575697732909337,0.255341217251886,0.5608313720033088
53,1,0.4251657683491884,0.43767119184982783,0.7434557903072371,0.6040905361807856,0.05466704972725832,0.3558872178609271,0.5290130444934571
54,1,0.6803922063244913,0.6607148693968133,1.9771888893679312,1.0381459225169511,0.14632144386511325,0.2957252280781257,0.5576449170761039
55,1,1.2751821734293762,0.3338944093252251,0.5570761881023264,2.115295661845235,0.16234308611419854,0.233462757687304,0.5478744127949224
56,1,0.43536349054756734,2.257144007135678,0.49068213222670853,1.2296046543423365,0.00897639282659726,0.41347263407499873,0.5226223013692867
57,1,0.5573500041001308,1.1454762528178748,0.5371661687640316,0.8375647117651938,0.031528990880426905,0.38105243236726005,0.524634398132118
58,1,3.1751506048641005,0.7716477712277076,4.083555233200878,0.7283866555454103,0.3003249607013364,0.11616357156240192,0.5833353758577124
59,1,0.44388360260051524,1.0532118810481206,0.7538812387290095,3.3648026307427976,0.0989927122544721,0.34941501486103194,0.5493265794960189
60,1,1.8124954314863944,2.261425030548265,1.547038249147144,5.511872123786759,0.283987600230529,0.13520532772719598,0.5806186029906926
61,1,1.730974838459992,1.4434636888401464,0.5638718589030641,0.533591434856717,0.08211286496135509,0.332480001644677,0.5360449701069868
62,1,1.1357187089415268,1.9921473251771247,2.1631553608608267,0.5209545524807901,0.13977935805602806,0.30318328775278847,0.5564816790768102
63,1,1.443517360127371,1.1428883323932766,0.4618712450849839,1.4241432458930827,0.0945222531885963,0.31383813906713043,0.5369273472186339
64,1,0.2083675634288551,1.1993586281923618,5.513076871530688,0.49434988733738017,0.050199810256124223,0.40794897762651355,0.5416173171530259
65,1,1.0130381120440015,0.2702220179861763,0.59360766923818,1.6860067999493114,0.14603408324747222,0.2469433974995205,0.5435714772034659
66,1,0.48670005829318447,0.9766131261466853,0.7824372360378898,0.769965896306679,0.04035658691260421,0.39582126030630455,0.5332666276045146
67,1,1.1407608458527516,1.3973940449959394,2.339269865848946,1.7778339152743377,0.21576885650808575,0.2147848103245191,0.5692407700871457
68,1,0.6768890279479625,2.657105534399611,2.368559860760444,0.3406556294902997,0.06907577160512644,0.38557416704607583,0.5446524074959833
69,1,1.5833239373406338,1.7687992749216102,1.949376156680876,1.4593269057286014,0.21772768816932456,0.21243572253274506,0.5695477424873902
70,1,0.4081737021798066,0.8312079724063828,0.23929742925339317,0.8966691621090369,0.020958690658217462,0.2944066592640124,0.49459439668549965
71,1,4.061465675242461,1.6012946973713689,1.781808698457187,0.7013803363864305,0.25306013926098697,0.17109908768725532,0.5754013982108122
72,1,0.4957686016831864,0.4774399212967568,1.0893659518798198,0.5742423725062509,0.07112827260227154,0.36478274278375994,0.5397832246493384
73,1,0.6437381920581716,2.204695887054006,0.32190626253133425,0.4034585522850087,0.00705695127740034,0.3474076829686584,0.5027857621528486
74,1,0.702901139033731,0.9333439889515047,0.9144247470614666,0.38105571757835593,0.05885306609980461,0.3784204122121072,0.5375372587496063
75,1,1.143254199326574,0.9145599552837458,1.277449463610503,0.4733018576789132,0.12421310330298145,0.3178230275905908,0.5529001238444711
76,1,1.1843546525034658,1.164786255386629,0.6336803711620719,0.8598831817889551,0.08243839666062533,0.34305704033557516,0.5392318342847788
77,1,0.6810834014243832,2.5521976444589103,0.1159090675738466,0.3678734885988677,0.0032149930408547035,0.2225284205674524,0.4651853125424237
78,1,0.30779699933376287,0.7701299676320286,0.6258234396516789,0.7527074588916551,0.02344833572530794,0.3871504362179021,0.522336885370641
79,1,1.6432505757033997,0.32377562986278885,0.5575603867913875,0.8571759599165327,0.15235540498360142,0.22272519340033334,0.5398117795701801
80,1,0.4358474446669997,1.291208287737027,1.2560276712416587,0.6121615059999833,0.04742112610837826,0.40854182117326526,0.5404254190753147
81,1,0.2942170599262016,3.0216958921438306,1.3846162352262683,1.3400629115259048,0.04008982536618803,0.41959045916135834,0.5399140926527796
82,1,1.0511825538543338,0.9949377518371163,1.775508279673793,0.9892779803498319,0.1708190009364972,0.2671253582431918,0.5617201273647757
83,1,0.6467375818431484,1.6324895707724074,1.0420979731957745,0.5864854952613177,0.05357080347551175,0.3996183743406389,0.5409511859483649
84,1,0.5347222700378972,2.236885656149699,1.5463728662325393,3.914313214032542,0.15608100382974022,0.2843965230607563,0.5592887752955984
85,1,0.6950298245629559,0.5983259293054288,1.3218043336983172,2.593116663662427,0.17525182185941723,0.26186292932315747,0.5624406400932079
86,1,1.5101695890202484,1.3487949203614726,3.6821071270785075,0.5983877832205653,0.20893850767358033,0.22269751338602706,0.568068765663672
87,1,0.4222943724548789,0.5978806597071286,0.8034204897178837,1.2942119162875463,0.06053705607530983,0.3746252332005916,0.5373023594427263
88,1,2.0257605323225687,1.3233749718468217,2.8641392240399286,0.5646086943659554,0.22684224757653368,0.20175709110103193,0.5710400522985846
89,1,3.7294830554189145,0.5706811031060987,2.2450233947201346,0.5231751530166037,0.2754957115756771,0.1447013230893096,0.5790801361285404
90,1,1.2675937873979017,1.0357847750409235,1.4297756406355087,1.6804570971862232,0.19876930996987338,0.23452777902760244,0.5663864049785508
91,1,0.8630585288058806,0.9548890138062358,1.1795966092326375,0.40597337938068007,0.08965146512582141,0.3555745434609082,0.5464046521713408
92,1,0.6034330156617091,0.32559516525611665,1.003633508797283,4.641379590584947,0.19576422008337754,0.23678204445561943,0.5655329176846396
93,1,1.6687557190613562,0.5500106361305389,0.6133305412509846,1.962319091313482,0.16610930944916844,0.2440297826376135,0.5527762701977686
94,1,0.7205716729948438,0.32919663890382084,0.4933161509607875,0.4827508783804107,0.08246860941763574,0.280430263886729,0.5213544656978188
95,1,0.4938333165913122,1.5950901968734879,1.0500521332459707,0.35760877253385914,0.028604358034933743,0.42370760482358877,0.5353491966403251
96,1,0.6887488745152287,0.45551605927150307,0.4339841247965286,0.3531811571722167,0.06241139718323586,0.2922989845056792,0.5147152843053235
97,1,3.3430941798884364,0.8087255124279779,1.4889124974400607,1.822313545688994,0.28275934798396746,0.13645960204417953,0.5803643811805453
98,1,0.7668642643251616,1.4470244248140334,1.4527295269853506,1.1661031171454328,0.12714053761388425,0.3180321629741934,0.5544254808585752
99,1,4.475686294265923,1.2166857753105456,0.8539901193274665,1.5626054830568141,0.22231461483518744,0.19982135900846945,0.5682468342962237
100,1,3.4149870565687266,1.9874325577690983,0.7186377590266717,0.5525487842569304,0.1330291951108817,0.29471199925360203,0.5507106139231238
101,1,0.5257083974269472,0.6330386015415308,1.306021332589089,1.7938928037092232,0.12257751768574729,0.32270215341416586,0.5534852970073992
102,1,0.20845659420591,0.9871872790377118,0.46611634808463975,1.602765256328014,0.011948723028234928,0.3923478007728885,0.5180731974470959
103,1,1.880856003941575,0.584109628827122,0.7331165754023564,0.5182202874928336,0.14195543109621822,0.2637279559104552,0.5463238277501357
104,1,1.3101576603196792,0.32886030550712336,0.4595443453190686,0.6231790558999714,0.12222515246066372,0.23353103686734775,0.5278334553111365
105,1,2.333219980057877,5.257046762621196,1.0138822634411209,0.4270990707270083,0.0932907481954058,0.356352991256461,0.5484352589846836
106,1,1.0525820038651317,0.5486370368056783,1.3738707275231143,0.4633281081531728,0.13448172931087476,0.3029160636942462,0.553778825421926
107,1,0.7747361033700814,0.990303563096786,1.4321322985308251,0.9482731459845375,0.12356217150974594,0.3218140760936813,0.5537186236818529
108,1,2.397543939483737,1.0896068590906987,0.28566400843883,1.8932924770960613,0.11469016283464639,0.24895080520490717,0.5284728572397271
109,1,0.8178355378165701,0.6296095800107513,2.833383787607758,0.5034057171098832,0.1591525567392695,0.2807801074026668,0.5597792187353441
110,1,1.0514780986077787,0.6110934866415905,2.545239649434012,0.7776690486420799,0.19209821951857942,0.24238579841198266,0.5652904224075626
111,1,1.176819465396091,0.38222105426921704,2.6941402252883453,0.47768749560443746,0.1962283793998368,0.23728187746797758,0.5658963666704416
112,1,1.875589517969797,2.158299339109717,2.3425809839767875,3.5013364285727446,0.2737180126175738,0.14721061265557941,0.5789115998838326
113,1,0.4454291080820919,1.32006298488784,1.09999546541968,1.3365174945547225,0.06799684948465168,0.386096675770252,0.5443050970698624
114,1,2.1354817366027876,1.0784711465801353,0.568753701854562,0.9350269090006901,0.12302232195943005,0.2874169535188668,0.5436273814147077
115,1,2.895815778584655,0.44289804115241077,1.0565870265858879,0.507703082611081,0.2055337831631758,0.20642849904917332,0.561741661466753
116,1,2.150967369597726,0.3202325059002068,0.7900854416142618,0.9177861726079876,0.19126367430743205,0.20627319248602993,0.5545652394515493
117,1,1.084113423394185,5.109349485530607,2.927862208679028,0.4909555552570175,0.07560457674481047,0.37811770036814923,0.5457982192569074
118,1,4.4444838865529945,0.4387730777215893,0.2746204339602256,0.35518562792258007,0.14770854255354132,0.1449325560441696,0.5152594705175759
119,1,1.150893510371239,1.4469654983795237,0.21710720593873406,1.3514259604440417,0.04310436573284212,0.2944678073829125,0.5056845583871433
120,1,0.8315423056109803,1.628984153860467,0.7666867461347487,1.8621922434979865,0.095855620878496,0.3515257559023044,0.5483598850458203
121,1,1.4767383007448935,0.44484273466029256,2.714423450608433,1.158052206820281,0.24754831329869953,0.17775722754664644,0.5745554907203319
122,1,1.6558258036612925,2.3907357770539144,0.5100027293718103,0.943145803732192,0.06515353565847277,0.36257884306956256,0.5361671598622215
123,1,0.5668793139239825,0.5215406697076623,1.2016939199889152,1.2645538619546517,0.10618949174016241,0.3375222021332586,0.5495262172823445
124,1,2.508540101719402,2.604127192781583,0.9853545105872451,0.5608937261769938,0.13675244783781337,0.3046148630299875,0.5553948604876194
125,1,9.12445271443856,4.40925007715767,0.9289676026431021,0.5259609690495198,0.1833564944877713,0.24808682995156267,0.5625496964218079
126,1,0.7462729314964975,1.214194646635689,2.1850700570980073,1.9535069903400435,0.18263626779394862,0.2534484665172474,0.5637224266889588
127,1,1.3509042293913036,0.8430673696699968,1.123196034911281,0.8068868531740248,0.14555095136277393,0.29170002920202176,0.5561120631849574
128,1,1.0502195034736692,0.9310828108437363,1.4374660062076927,0.2723935909874609,0.11369036506059817,0.3307501968628596,0.5513186690880054
129,1,0.7875834791847963,0.8177249340755965,0.45793991333383527,0.8875290916792267,0.058074649717303604,0.33311104763927574,0.5242097692088147
130,1,0.48298906664553043,0.6318791966646479,0.8186445983913015,0.8395536811637857,0.05710122627709738,0.3734756081949064,0.5352551209521644
131,1,0.6727675762554571,2.143099752265134,1.1490780426957605,1.2494112933076833,0.09056920085465273,0.36056113695687975,0.5482914506878864
132,1,1.1747023223403996,0.6303480728874026,0.54329323363047,1.786042986119351,0.12288857840776576,0.2865097220235894,0.5433029049970678
133,1,0.7835678903815794,0.2942108997442552,0.21895953855626177,1.1655423419082749,0.08243010877712634,0.20846192831124438,0.5007746734498603
134,1,0.6010032738589851,0.9543877228910241,0.685210094056328,0.7547021907043588,0.047170418782846536,0.37954028332331796,0.532022016069508
135,1,0.8875211555364179,0.4224524088244326,0.9871230070801948,1.9762281260301684,0.15748348748833527,0.27457575975588666,0.5571902556751787
136,1,1.6169711896830725,0.30068558702884446,0.3958304271638942,0.3982466075306099,0.12770471977698933,0.20375346920487597,0.5220640380679387
137,1,0.8425183231683946,1.804888749315116,1.2499576590477428,0.2977879702528893,0.06720453327121202,0.38574729974767363,0.5437864483419655
138,1,1.0386414734920821,1.7467207414272972,0.7333238445726742,3.7260948630924546,0.16774144275982839,0.2704520033231451,0.5611394647314824
139,1,0.63761644356174,2.247732854722415,5.074205633650905,0.4140691942057111,0.08899380753934322,0.36261719594847286,0.5480529940309949
140,1,0.7996390853569366,1.4873352173353132,9.19232338102883,0.2907102449045668,0.127330807856665,0.31793378593914984,0.554437388993554
141,1,1.4784786847458433,1.2174157171791524,0.7469424852422493,0.5617515355806001,0.09693777652886967,0.3330764262498219,0.543626851118605
142,1,0.6953847218211516,0.8111177357526776,0.41595097903737915,2.969241551167838,0.08495252841609194,0.33023685467754005,0.5368287539090247
143,1,0.46501286790584634,0.7442934429924412,0.6332215339384345,0.751664119360397,0.040390367335821846,0.3733904419827681,0.5268757838120965
144,1,1.066334297410961,0.5925443752646308,0.8494953902565637,3.2910776468419334,0.19099937548038856,0.2403282162873922,0.564163312419302
145,1,2.0742452488052256,0.8195799027802619,1.8713424981668756,0.5881008126890805,0.21771714282068,0.21215816341908983,0.5694618571552967
146,1,1.1689054188115402,0.37276682653400134,0.4536954244967009,0.5495827379878166,0.1074961045716707,0.249741050115101,0.5250998655399874
147,1,2.351043798126475,1.1727553144111924,1.4599195029486767,1.1104419963894605,0.2251847068883222,0.20354503437170537,0.5707403583467224
148,1,1.2884572478283305,1.3361144956235964,1.6966659986022024,1.117833199174785,0.18573631603252064,0.24972427540898165,0.5642064348664826
149,1,0.5311162058676301,0.5790609813335796,2.313406408300281,2.6518016136508336,0.1865691196679612,0.2489272475212383,0.5644016785635608
150,1,1.4716662448337061,0.3210187398591468,2.968596519336924,1.2499155757864202,0.25750503182929746,0.16615176888780386,0.5762196508653604
151,1,0.9498245682325719,1.0136697005549662,0.7730274333429458,3.369017952063838,0.1651095317586765,0.2723078150377568,0.5603546953845666
152,1,3.1973427941907677,0.4792417375756935,0.8771243489950231,1.2331645538075235,0.22045305459058356,0.18928438430874234,0.5643060510497789
153,1,2.4139010017041405,0.1866893332574636,1.9018795320341564,3.164838687394946,0.3278238659926366,0.08387676276617471,0.5878753794482039
154,1,0.7939131406664325,0.9650433346994272,2.3603558884332294,1.2885786428812025,0.17532873432909465,0.2619663747398913,0.56250074635642
155,1,0.39458812854674935,0.4420132869794951,0.4858459169407324,0.37178324839431603,0.04009730552513993,0.3247722853093999,0.5128375312986255
156,1,0.9862191090356535,0.6914328243430332,1.018738304672407,1.6136884734553114,0.14689862194213887,0.2907263662039223,0.5565109475943055
157,1,3.4070199182804903,1.1498530294373948,0.27273816483839736,2.592003956957539,0.1422710973448334,0.22214217437924383,0.5346040289910735
158,1,0.9118131935980498,2.215713065964836,0.7245568745459596,1.220588620948244,0.06522800599563287,0.3841508174853511,0.5423665697122579
159,1,0.9008509136547809,0.971335446748965,2.39130924982486,0.6283319000657006,0.15759959279751376,0.28255630106572627,0.5595101620290701
160,1,1.1072972999466622,1.1511844875841428,0.7553258467025908,0.21548066442625455,0.06485452049670286,0.3607391698303238,0.5354782128818588
161,1,1.257602803717571,0.13862313953132324,0.3491123149121717,0.7188013843280951,0.13860128381324902,0.1724731785709745,0.5185776328051517
162,1,1.329833194545394,1.7943942541932656,1.7523892023889778,1.493416682111409,0.1970358586436417,0.2365579481729819,0.5660943738420406
163,1,0.7685605068165529,2.292441670181592,0.8219930891579024,2.148480539675539,0.10122337591604,0.347875153239611,0.5499990728216753
164,1,0.2104600699969719,0.5110265946892233,0.6639393368951249,0.9875758321135192,0.02569557042787312,0.38574407769372976,0.5230593675450756
165,1,0.18887536919782325,1.7368722803667271,1.9626335006414564,1.7057981371490583,0.05165258916000282,0.4062255231449695,0.5418770040388373
166,1,0.6918867169827765,2.7067431323721873,0.6773381544810153,1.8537076756720459,0.05699205426299149,0.3968291584621332,0.5418716941315067
167,1,0.9500022187608583,0.976377817554726,0.8887000211063164,0.9750670682857498,0.09961467599518986,0.34057047170623966,0.5471086502039088
168,1,2.1351072038809567,2.678480266330558,2.6570758355530333,1.8549468223239554,0.24242128259849258,0.18368335998261376,0.5736792806050244
169,1,1.5707288115058609,1.3525261169570497,3.3412382131612706,0.7292412258100165,0.21746555036742754,0.21276162699614318,0.569498738551811
170,1,0.6385682967166608,1.0230313330690433,0.3122392990585831,0.8398863501027736,0.03089766336460926,0.32315997845674976,0.5077785600117406
171,1,0.950146578934928,0.4861062126391011,0.6639982858239484,1.5997466238303089,0.12325139145636624,0.2924935778813315,0.5451938829422129
172,1,0.8437388410986465,1.0427224971671436,2.0226329284693723,0.6471200207379053,0.1411405066912589,0.3017093123851295,0.5567545275370144
173,1,0.4486283607141815,0.9614740407981558,1.326725928208,0.2825514820929672,0.044531569669279465,0.4076262737512362,0.5387119076819477
174,1,1.5580674065572433,0.7963441629835023,0.7433661730789908,0.545677986522584,0.11693388684428054,0.301055922523737,0.5444774399833727
175,1,0.8712009660209077,1.9278856734591814,1.4261388966799702,1.7351691264011948,0.15182385438741283,0.2892786731709126,0.5585528226890166
176,1,0.7701249503615428,2.983112008533802,2.397161214036824,0.9796755217930444,0.10956936229561565,0.3385694651406082,0.5514962426597371
177,1,0.16146269031058935,1.0359582852997808,6.673149089563519,0.956664772460304,0.056243676563520036,0.40096957511931075,0.5426612802626546
178,1,0.4908312669644982,3.233928459348065,0.6499685692925339,1.400374746425569,0.016439498871264176,0.4369621449829183,0.5330636570942177
179,1,1.689277923997427,0.3598307978256734,1.0873228699631006,2.272944800873935,0.2310338123019681,0.1911233973152261,0.5701222185436636
180,1,0.7942700176912947,1.5657678498579417,0.9816358154780337,2.0300849612138006,0.1268690050515586,0.31812266588971405,0.5543211723775157
181,1,3.584821314068499,0.46675768460895517,0.8182450062027552,1.3106008043422412,0.22514625183218817,0.1798865601592021,0.5639678273318011
182,1,0.6448313648787812,0.5636197262952505,0.7853623712145525,0.8281081700650238,0.0773852776496498,0.34652282979198346,0.5376963445095184
183,1,0.6347706095831699,1.2533184891350488,1.7455940460083283,1.6733314673187474,0.14635025766251356,0.29573806724775425,0.557662071475556
184,1,1.5988472089268513,2.279039176461027,0.38900181326943983,0.9226074157268838,0.050143269090733064,0.3535396826645938,0.526080321189931
185,1,1.1394783340044776,1.4379090107912715,0.3274665803987051,3.666203935264121,0.09370216317296026,0.32131898190911096,0.5386556258725032
186,1,0.5405265980414499,1.200105760193539,1.664147794024737,2.118610882947619,0.14458133429535872,0.297820774457734,0.5573741844340085
187,1,0.6224038511554569,0.6877918413067893,1.2922898661273898,1.5005059943811467,0.1242405518750511,0.32040774862124494,0.5536607461362517
188,1,1.8778459170778383,0.9621706719410505,0.6192202158990497,0.39773308361921844,0.10640760435663442,0.30003643890695497,0.5389211810869723
189,1,3.341422743764983,0.38724735932819476,1.6231659320430833,1.213444036516669,0.2760442408535318,0.14198123295923246,0.5785854489364184
190,1,1.6955719015854918,1.9362158039683945,2.54554444089952,0.9622096980513073,0.20992095849279543,0.22152738402097896,0.5682348944189144
191,1,1.318373606672533,0.25976134245125543,1.034259782850186,0.5353811035975209,0.16271300748130252,0.24681218912307656,0.5518709583221726
192,1,0.9014054140745729,2.357372054377856,1.0794773167511407,2.130865321665315,0.140746192188712,0.3021513557634591,0.5566941123399095
193,1,0.872951546975815,1.322322427549545,0.7538779595242927,0.17282056636416915,0.04277133676314854,0.3847387675091711,0.5312906245290278
194,1,0.6127589097509375,0.8346889515769323,1.1188955933403995,1.0055480872793654,0.08820509054850868,0.35919939602340156,0.5467255210158266
195,1,0.9200005997023404,1.9331757325564707,1.5469451502832303,0.7630409710837008,0.11957786421104959,0.3267538229626705,0.5531284029660093
196,1,1.8346905189591454,0.25476107182600916,0.8265484337602262,0.9076473798805805,0.18962238052623612,0.20697380262418735,0.5539449470199587
197,1,2.4729278216401616,0.6941443686874104,0.36378784542823234,1.1368325290584416,0.1328507180621554,0.22695754846937943,0.5312688478922973
198,1,3.2415942552286134,0.8712377561024132,0.9404657484206649,0.8742133294945289,0.1970149965030605,0.22516016509429243,0.5628351584272245
199,1,1.0442848737209827,2.4790953997939265,3.9138093540999646,1.3962931041803444,0.17354739012928452,0.2640632701911388,0.5622024930760355
200,1,0.9385450179420974,3.629860156322845,1.0807570191191544,1.0565369074598039,0.08622116489235002,0.3655405881824444,0.5475368554504912
201,1,0.7886161239600797,0.812164679543046,1.1929480501369034,0.828318527174168,0.10689194046004032,0.33780161493897365,0.5499540001110006
202,1,1.3487947184185554,1.0768380515779445,1.483851521350462,0.7767059946061032,0.1659020593471827,0.27245615576353704,0.5607843986015975
203,1,0.8805842328715676,1.196438564736828,1.0600886631328372,1.0835962974888371,0.10916943924971322,0.3368685679067612,0.5508263558878795
204,1,2.2691070280511094,0.482206880332021,0.26448696111677594,1.6684730588778727,0.13933847149057135,0.18786459990471102,0.5233439960731164
205,1,0.8556852382727665,2.568451354260025,0.9533438669359828,0.45092173806287145,0.04630716479901065,0.4078843658367178,0.5396771116740119
206,1,4.6015270333253415,1.3333443748107425,0.7397568245234323,0.6014490376089955,0.17157616424031513,0.2436363523871741,0.5553934365590606
207,1,1.490153449493029,0.6332164244981793,1.3225850614312398,2.2577561374898067,0.23165262770960893,0.19587671362558706,0.5717880204102055
208,1,0.3869166666877951,0.7894401573392921,1.405909091376388,3.1787638132082896,0.1409919841859654,0.302046453123957,0.5567903500361836
209,1,1.9185366817699223,0.7371117264648546,2.7697766963352306,0.7875444991145568,0.2498049691945208,0.17507155159352317,0.5749097331546892
210,1,0.9015461484175804,1.3090887217974185,0.47323343443843774,8.426436490807623,0.20208180989039556,0.22998534546522112,0.5667495166565016
211,1,2.3049049419560026,1.1723462584916677,0.6802356011669961,0.4523197859340123,0.11970896552491014,0.2971515858898472,0.5447476209285991
212,1,1.3019410043636541,1.6267082920116014,0.7644164265508542,0.8797270190505371,0.09202116533998615,0.34897013446743197,0.5457108007909435
213,1,1.4787650180395464,0.9650959599702303,0.27933729900485843,1.5936449872784846,0.08513888481041419,0.272832693463705,0.5205204457870405
214,1,1.190175531582688,1.6650094084460412,0.5967102382360564,0.2316322808973456,0.04428372148648711,0.3725403157976439,0.528568384057438
215,1,0.42442435708652654,1.234705265893606,4.223544576276172,5.1034275612495685,0.19734114263406802,0.2363884395497763,0.5662033620090708
216,1,1.2383700945678704,0.36695951603171345,0.7961264718409177,1.3672504192882917,0.15783032669558894,0.2554912982622267,0.5519111969418192
217,1,1.3573776882766786,1.0718551357842019,2.5313772618468113,0.5394165217266821,0.19133054472117386,0.2431742534177848,0.5651195217042483
218,1,0.22479997844957764,0.547440759255283,0.4497510092718083,4.693553997345999,0.055923063044613246,0.3769564541771973,0.5356627732919764
219,1,0.8824223449008293,0.37411702894152155,1.536523557740955,2.0111786777901592,0.1941742199287225,0.23909414744443475,0.5653971693921075
220,1,1.0409430119884266,1.1461037127582894,2.03476986872657,1.4315353110413338,0.19482140836581024,0.2392022581480367,0.5657438963382575
221,1,0.61871122571743,1.5069953921429164,1.9053150490234128,1.2703766495235818,0.1285430943625487,0.316476736973545,0.5546797276158798
222,1,1.8331292630626186,1.5020457339784468,0.8517824293261969,0.9060748781274501,0.13254526491213156,0.30508045080850005,0.5534326742078246
223,1,1.5320342076890492,0.6839791192241584,2.2211771505448796,2.326129776302283,0.2741153252448484,0.14677297486222907,0.5789874372498189
224,1,0.24621982629275416,0.9549055694362087,0.5965032008532949,0.6465174343193371,0.011816265491241321,0.3919297192741721,0.5178867164967906
225,1,1.1073609235620412,0.8912205492806758,1.4797385563940297,1.2508095938346442,0.17399320739117927,0.2632471894296564,0.5622031321626076
226,1,1.2937052570392982,0.5830729145378022,0.787235162980103,2.7427625349129348,0.18496982133439466,0.24285671140742465,0.5618711327221524
227,1,0.18060700914645827,3.2797204111819362,0.6795445714048539,2.260956434702048,0.0029499377382979086,0.45320822285188767,0.5309623986522432
228,1,0.16670919199836925,0.7495961339617002,1.7986786389080274,1.1101221176651004,0.0408950831118639,0.4185554591467,0.5400257655498117
229,1,2.0188313711024515,0.5468833824206281,0.6799630038912564,0.6370256650706754,0.14941908163206952,0.2500973119878242,0.5461624846817061
230,1,1.4210359478803303,1.377436602662877,0.9195077147945223,0.8339217753787544,0.11946449591201577,0.3214426460680165,0.5515662393703583
231,1,0.8180216911298702,1.0627936608752628,0.5198078741978622,0.9621915150294137,0.05526969072524028,0.35651460425305315,0.5294937649853028
232,1,0.9061739973459066,0.6892216261853195,0.6750824455276492,2.7765864776274554,0.13901596763099192,0.29328429185739224,0.5533020696055543
233,1,0.654670313749892,1.3303223269859374,2.574576804400604,1.6689173836274342,0.16398117857195832,0.275213435386599,0.5606108199061608
234,1,1.0147678500262387,2.015764499250165,0.37379792976050197,0.42762466572804675,0.022469470508613244,0.35774702842865447,0.5134441498109741
235,1,0.7609681774889464,0.8594753969520186,0.9367375699072529,3.6662753060465354,0.1779855883336242,0.2585488614397357,0.5628611709509771
236,1,3.2114326484086413,0.9746852591725113,1.1934963073373033,0.5346902793215932,0.20100514099178354,0.2267669898086609,0.5652843957001499
237,1,1.2472200932820618,0.395869844840336,2.630842120571321,0.6990877350925465,0.21095317335632824,0.22026948697479218,0.568401921936863
238,1,1.4706380387525289,0.405842443932972,2.6158475684728266,1.5262742087264978,0.2595394988030236,0.1637859380803179,0.5765609374884854
239,1,3.873438390438162,1.0486787425176685,0.32675155834568403,0.5819736727813967,0.1201978789896273,0.2236302708467762,0.5239900288815803
240,1,0.4202471933195075,2.9762562555030314,0.6498145898665872,0.5948033910576631,0.003415846893105209,0.4273016647660623,0.5237929054023399
241,1,1.5094935335364426,1.2024777954096648,1.4060273861587873,0.7072231964631182,0.16461511945741522,0.2737819764741818,0.5605187724413067
242,1,0.2515872027085,0.39117933412666556,0.21945105781274457,2.4229552116195436,0.037483428399802024,0.28861938951720645,0.5012040269063213
243,1,1.8759164800968091,0.772502391119103,1.5393883879164536,1.592960954462105,0.23884702457204285,0.18770147839900017,0.5730476164199911
244,1,1.552761705488751,1.44506213528747,1.842879300366042,1.0591560278803265,0.20342854377231798,0.22908548498386896,0.5671542401909075
245,1,0.21581104025242448,0.14786166953277052,2.3979479875561345,1.512003411759091,0.08941654377421766,0.3611423991983791,0.5478897963587283
246,1,0.17622709224868072,1.128961719602209,0.5452973985113515,0.685297106112931,0.004956737498833017,0.38772465554197655,0.5132561887935883
247,1,0.16554954650461828,1.705739113388112,0.9440327168470312,1.7600871745438975,0.013241291172466935,0.4474097715223916,0.5344492473810811
248,1,2.124609208477326,2.44021921205268,3.1292577321032296,1.2250871328183428,0.23160775716118776,0.19628533552485086,0.5718682576059918
249,1,1.1634028496045434,0.6436428663169967,1.4430064412767056,0.8488609037311248,0.16205190310347198,0.27539863987846425,0.5597046370074348
250,1,0.44362234276139006,2.2988086795768403,1.641964707661248,0.15635729986406313,0.02415954932293861,0.4366922244176795,0.5367925786663333
251,1,0.2756905410143214,0.8605373023378133,0.39551766931078897,2.349168513198813,0.02524618867299095,0.3791770788488992,0.5209588115433854
252,1,1.1398833093270346,1.492996062268792,1.928970308541769,2.5520597105088707,0.22714565200602527,0.2015120024112777,0.5711395014599059
253,1,0.8327303761641067,1.5574464949978923,1.2038657783870168,1.7605402920885573,0.14131656522302857,0.30150289853480605,0.5567944613682267
254,1,1.487121370692864,2.7184616678775284,1.4690811590951571,0.7249140498377569,0.14177569669332493,0.3007749426381712,0.5568027251011753
255,1,1.0997429333235142,0.4595816939298842,1.2637549764447338,2.8934698114580053,0.22382643469845603,0.20477464187678993,0.5704181369680748
256,1,0.6646349168823633,0.32089935047130297,0.9575146527270648,0.712178459584071,0.10320236414184888,0.31697417622092544,0.542162653476543
257,1,1.0114129521297202,0.6708985506371653,1.06910342561001,0.49880409390111474,0.11024930658876358,0.32509332022668974,0.5480007162781682
258,1,2.981068731433199,0.8649482668016747,1.447858397830448,1.7183693660738522,0.2690761993349743,0.1523843150450589,0.5780723496455795
259,1,0.9108269986302203,1.3878979796007946,0.853159306394532,0.7424510803960155,0.07355499941958779,0.3708837208483652,0.5427377836957882
260,1,0.8673209038926496,1.4232895457641557,0.4198341577489332,0.5396482022635414,0.032395256929763194,0.35576938509408995,0.5178425409766271
261,1,0.579906945073291,0.6838753779960925,2.2658216823246553,0.9919903689445317,0.137697839668267,0.3058566675770538,0.5562259839832641
262,1,0.8197211598247572,1.1210299948389342,2.1190143690824974,0.6030656006031577,0.13699332560047445,0.3065426978731015,0.5560589604008419
263,1,2.066409632259451,0.20138053243103934,0.5488627378350018,2.832402805430146,0.226111155659275,0.15690898506325632,0.5578863051662311
264,1,2.998464849477632,1.1661421456020202,0.7599831129344028,1.812138528679839,0.19672515552679176,0.22853297585901455,0.5636555792000328
265,1,0.7697423659173523,2.9978254454523685,2.3297730243520705,1.749442582681794,0.1353225040527369,0.3085953503163855,0.555816510062363
266,1,0.5718601016082735,2.018930721333943,0.8655619520252177,0.8758091428340925,0.03829010381402126,0.4156693244564854,0.5379016243492539
267,1,0.7691307159238865,0.9502321941348693,1.4605653014334474,1.8598220736722388,0.16344146772459217,0.2757815308922862,0.5605093087388452
268,1,1.863328880210749,10.929309978678793,0.8187493161022985,2.323839487765783,0.10657323681781881,0.3417962648577264,0.5509340269307401
269,1,0.6572909621174633,0.9105880133907662,0.46545004396999307,2.418295981454024,0.07236767768658851,0.34898113307211265,0.5358916035750673
270,1,1.251959582646292,1.1455652041090547,0.9655377917033573,1.9889871145493383,0.16708080560152652,0.2703727188198842,0.5607859411696289
271,1,0.7425608461785672,1.386075666721006,6.033010471988896,0.9529562573247019,0.16447187222294188,0.274683155563567,0.5606941911979831
272,1,0.6824827718518963,0.5219458423071355,1.8538827825661743,1.1058168652759075,0.14735565858733365,0.2942533510369837,0.5577438844305233
273,1,0.6261555266551213,0.5925747328686809,1.0785984757747626,0.5273531692291404,0.0787309282287844,0.3591941461929314,0.5419861423747253
274,1,4.533143897079289,0.9249784879029618,0.9340912083424973,0.9920215412600882,0.21872841963880088,0.19981854459597181,0.5664522081168186
275,1,0.30066020655145237,0.38651414771932746,0.8224899949433516,1.0397320667736603,0.05078838318494805,0.3735881948974787,0.5321322772207467
276,1,0.4478870858098579,3.4329701232773235,1.4527114566287682,2.5957495028222666,0.09042825947562033,0.3609217273156065,0.5483238238711172
277,1,2.3869816402708497,0.9060105909613357,5.743542347631218,1.1535799146581347,0.2975002119445084,0.11950710968885582,0.5828805068696759
278,1,0.28612119895757254,0.20937600115228888,1.0613657038652207,1.9394939113584795,0.08615683789718329,0.35174583700799145,0.543576353724763
279,1,1.1127677794017283,3.5304742938396463,0.860821016906924,1.567956117183413,0.10217107129221796,0.34684580238330265,0.5501760547158505
280,1,1.7647140358263924,0.5187196644233227,1.311271104118179,1.3648207228917957,0.21450968748975052,0.2133055980694207,0.5681961659544934
281,1,2.263323527659138,2.452416368126768,2.0967546142521325,0.6249316528030259,0.19655627712203688,0.23696536239525978,0.5659565273187452
282,1,1.7608960066396782,2.2246965931816214,1.0842116328018476,1.77896983509797,0.18712644391632208,0.2480056683596646,0.5644147946837141
283,1,1.801660025460681,2.3983970829368415,1.1140054600113642,1.4690515733117215,0.17683553793850393,0.2599666627006964,0.5626853247501219
284,1,1.2097889541425824,1.1044376030284238,0.6889576686984445,0.8361223562041572,0.09048740656230482,0.3381003374958341,0.5418397788671167
285,1,0.48476631036803774,0.9185413650935457,1.6935635817330337,1.6136501221526136,0.12470151809135341,0.3210087088525197,0.5540595735829325
286,1,1.76351062571258,0.9725521611592088,2.7478922530165812,0.7656214474970542,0.23473270556914802,0.1926247165300455,0.572385364023896
287,1,1.783769133118489,1.4007413539653322,0.6267849171210291,0.6449250980394081,0.09594497982314532,0.3266637555041778,0.5412997843977633
288,1,1.7586207154814104,1.077464552320121,1.266483116767266,8.782849287883128,0.33267338286232456,0.0784333834480239,0.5887428177195377
289,1,1.5534201792705795,1.1423712765509404,1.7477093544360809,0.6948468489804582,0.18704984967504779,0.24807910222165186,0.5643897698112021
290,1,0.9321262375307097,1.4305709189607663,0.5988758944751119,1.0306539477655432,0.06006281118943322,0.3709640835473784,0.5360180607012599
291,1,0.9268127304929932,1.1352906884573288,0.3112319137922487,3.5817194607677094,0.08560842305190608,0.31987354877503754,0.5341958809721191
292,1,0.9924008105222901,1.5401152384168517,0.5157209557424282,0.4279590318251454,0.03880695935501983,0.36925157914828594,0.5248983075189136
293,1,1.0737169754892697,0.8440624698730743,1.6520665120587092,0.5576668740258758,0.1471804036608894,0.2940322895471424,0.5575850771455454
294,1,0.53463252527859,1.3277974457794215,1.709538819708581,1.9939810705538055,0.13864166958503266,0.3047396155569568,0.5563801260595816
295,1,1.0330878366867158,1.2647005056292653,0.6092724905072826,2.618427537217786,0.11906088121932923,0.3192876573089976,0.5507535170798281
296,1,2.3175623705027744,2.2664468284794372,0.34838284351371074,1.9344291100071396,0.09031896629003477,0.31622121354373967,0.5355069769075905
297,1,0.6363291238367783,1.4790247395898766,1.4156468095167798,2.4416470563768367,0.15372841257931247,0.28712041236656943,0.5588910522684007
298,1,0.9222628058246106,0.8300324386909764,0.5240031507899613,0.4635181428638929,0.061383697422789645,0.332513438650216,0.5256909681196812
299,1,1.5661743950002682,0.5605573269353005,1.6646697931275265,0.8051794516628585,0.20040908251345,0.23138088175008178,0.5663065639820254
300,1,0.7075450327720462,2.027489349486697,1.8910628788033652,0.5278507280760005,0.09278088931086931,0.357984870324505,0.5486417048323718
301,1,0.9289030779927189,1.0368476317368465,1.6500721897373012,0.6277622753023424,0.13422804061836413,0.3095191932695297,0.5555325997450045
302,1,0.7811570205549522,0.9625157460842456,1.6773780340772644,1.9258178926039475,0.17733146769160688,0.25962384020532175,0.5628371059984321
303,1,0.7164170829003119,3.486386109835507,1.392984312876717,0.600209654524746,0.06083203759347951,0.3951235973564915,0.54328370077797
304,1,0.3565832112345351,0.736647039765049,0.20144801872701953,1.177106166153894,0.021431475276472628,0.2785147609226488,0.4902905612475455
305,1,1.523480142108765,2.4901762488194223,1.4616448391790544,0.3187545873332551,0.11549712907310933,0.3309943539828569,0.552278958827811
306,1,0.8525275470431247,1.6759187115752219,0.23183786491772965,0.5874614062052985,0.01844951341763679,0.3045528194080602,0.49623761421403284
307,1,1.592047143097355,1.074822242249866,0.2589402295515733,0.7303611844863669,0.0655597583419877,0.2668769707313805,0.5090278588269039
308,1,1.0494857752119437,4.33654425000618,0.7641647717480372,0.5535138098339393,0.031194773583020148,0.4231666315012732,0.536492551810023
309,1,1.2254842565565949,1.3034212589124756,1.5323719042995536,2.7973850635326967,0.23254314586238856,0.19520528920088256,0.5720383330891878
310,1,0.989626959643896,0.4020358147010318,1.066087462543494,1.0487506180753807,0.14373467465133155,0.28495620619719,0.5532807914997601
311,1,2.0208627452223986,1.851279205347169,0.6247982564311204,1.7634250336025785,0.13424613561246396,0.30046614979867275,0.5529678344865027
312,1,2.068041742173522,0.9117542728488871,1.9943754403400034,1.1645176983345842,0.24854455952654153,0.17652232617358224,0.5746984861673105
313,1,1.174074203160146,0.9381286989266693,1.8075458447848782,7.538654011876674,0.3133156375256437,0.10104773927119866,0.5855244769085731
314,1,1.2150029695632292,0.4659841533957381,0.8859364903144012,0.6957615534166638,0.13357981995642002,0.2848714469581815,0.5481782203204802
315,1,1.2988475595710995,0.9438623349512199,5.976752076335759,1.7381747616620857,0.2627011285041742,0.16012456637618247,0.5770890536526367
316,1,3.747270838780467,0.6384205121546797,0.89854199502304,4.295632676748181,0.30139616137439185,0.11341987348724317,0.5831026643997387
317,1,0.3269834208673938,1.145952710185933,0.35692395536525595,2.999651153129295,0.026352912895184315,0.3862592691383806,0.5235356459410523
318,1,0.39128575156482304,0.8419937442856907,0.9178889432220353,0.3239349845148092,0.029830394801095946,0.40327121037517666,0.5301284277580055
319,1,5.702297605653672,0.9234401946236938,3.230192831175109,0.6418846446348904,0.31685061706292794,0.09684920860973721,0.5860810956157013
320,1,0.3768413427119036,1.2022333397480296,1.179757359691424,7.770413082117577,0.19362894821403095,0.24063212380969526,0.565562250326914
321,1,0.4992287225237002,0.351672235885314,0.6349531837940738,1.2739222552414373,0.07986313553014752,0.3258066984720411,0.5330180621058542
322,1,1.5251977106993844,0.6166125543049858,0.8114426333016286,1.504237551347579,0.1627583864080354,0.2614907121429556,0.5560887954883817
323,1,2.1875684301922744,0.6833245924478807,1.1271009693630107,0.15270425696027853,0.15763293649800653,0.2669523539459902,0.5550590094656084
324,1,0.5268103434240765,1.3824402205304511,1.0191830459742668,0.904515803124821,0.05517539993421303,0.3981624180834,0.5413415028252571
325,1,3.12744004265319,0.8415451531813936,0.4823587865122515,1.1875920601332777,0.15529581863836933,0.2329229325267162,0.5441956334429427
326,1,1.1852594697857288,0.4657585219313397,2.052250297335483,3.3345123950061177,0.27689559107326533,0.1435552112951335,0.5794602889646994
327,1,0.6832539448837416,0.561820214907628,0.9697235687040612,2.42932621267537,0.1416741086435298,0.2976179022543047,0.5558686290848842
328,1,0.695636854527977,0.6201345357183863,0.6827202796402504,1.212987813134873,0.08290814354037729,0.33952164771868765,0.5384582741138951
329,1,1.191166907330141,0.9132909337545387,2.359504214710364,4.8662876468149046,0.2957181705553508,0.12158542745933425,0.5825926196566654
330,1,0.6893472591524996,2.109900040926675,1.2403612391486534,8.17515258454624,0.2278914662767252,0.2006406625003792,0.5712668293080805
331,1,0.5599973045257253,0.8108848778394259,1.1065531299948652,0.38395438089424977,0.057919046946131994,0.38610853784832166,0.5392659110741117
332,1,0.8895036231407005,1.6839453329246308,0.37852188937677006,1.1238018886137129,0.03477284900129609,0.3629162475623084,0.5210750523961833
333,1,3.5362140087214775,0.6800655923518057,0.5526152754302711,0.17843229530463925,0.14917271136477844,0.2237691921602495,0.538506067345029
334,1,0.9532959934078119,0.33359370645205894,1.5108947234205163,3.204131969781992,0.23614478268944217,0.1907992253868973,0.572584569010475
335,1,1.5112599654327226,0.5941342889845271,1.614410252304499,0.7418103793520524,0.19089975508962634,0.24224713097616715,0.5646558392477073
336,1,0.47036620829679116,0.726719738954585,1.2112861227466223,0.7975419236399124,0.0689760032870177,0.38019912368553804,0.5431103693086861
337,1,1.4776031291106435,4.52201520608149,1.5678147600846066,1.7295156331025692,0.15714312029089028,0.2830210465132233,0.5594214702292367
338,1,0.6470128162257464,2.5733791717520234,1.308432145753855,2.060201240938329,0.11925214898070179,0.3272547101862253,0.5531170022913795
339,1,0.5981501035611358,1.2034986369714296,0.2012591329506401,0.798747075614405,0.018750397093954183,0.2837882225498835,0.4904560910783604
340,1,0.5703303569060407,0.5096632774301957,3.386605678978177,0.3532537441766071,0.1282484133005578,0.31682877568486434,0.5546192852127575
341,1,0.9198400592159913,0.9242529366782924,1.4714799665171792,2.0474435958638497,0.18750135177986274,0.24773480493225183,0.5645264708621184
342,1,0.3359084140166244,0.6999205208995303,0.6253484380457743,1.646779491508846,0.04136823558191423,0.38657343707674574,0.5311324531427496
343,1,1.9422493023519931,0.7649033554531468,0.6977833948924203,0.5038008345896907,0.12956866021212024,0.27998549908630327,0.5447747198381069
344,1,1.305910787093101,3.2101115651812053,1.315617730856569,0.6229775685636425,0.1086853048126534,0.33924500363603344,0.5512467942964114
345,1,0.569126751857578,0.6181671096919292,0.32362503278465293,3.35147313482796,0.07826296028705643,0.3135876622691826,0.5287273555126344
346,1,1.062802196132373,0.8034617438258971,4.735995819905437,1.1768086574029213,0.22732651217495795,0.20137019396603137,0.571184256040283
347,1,2.815021143314477,1.2176900469558802,2.16078355910286,1.060546854142627,0.266673890124224,0.15535505827550516,0.5777126693684351
348,1,0.7824366328553339,1.339549654247512,1.6550819357350426,2.141159824553302,0.1762291579722879,0.2608889291659963,0.5626460975879957
349,1,1.158425012765164,0.8483140813177817,0.7798990069909154,1.2475906382661954,0.11928283585812595,0.3128233753981775,0.5490166218627861
350,1,0.7196748542903698,0.8036463799760147,1.4651244620682857,1.5113454824076138,0.14645798735536927,0.29542940044973404,0.5576313618425802
351,1,1.4279384011904823,0.6012571976683226,0.3718365228520785,1.218047176255727,0.10796306005876878,0.25712325886861054,0.5274438907711688
352,1,1.0904538178758922,0.7750397725769829,1.1621893289446854,1.8114881610986158,0.17402109614814912,0.26236937053908116,0.5619694950364543
353,1,0.8759638382344929,1.3267300939675504,0.5123887453494119,0.8648942291770998,0.04779168806500662,0.366639328204587,0.5286471718841612
354,1,0.5669488877774316,0.3703031545739791,1.3589475330748166,0.14151055364855536,0.08207037166814282,0.35144109421093,0.5414245409557829
355,1,0.9630264465427707,1.720986962914686,1.3245250552791645,0.3445527014990928,0.08748154975831739,0.3630131939776753,0.5474306505677539
356,1,1.1866425702074201,0.28355973195872364,0.544562023449783,2.6993357352125136,0.17338867514071357,0.22309152912317085,0.5504341923075313
357,1,1.1200349162342813,2.26256859779794,0.4700945152937347,0.23834137773032948,0.022986995374167242,0.37710544135052165,0.5192287992385292
358,1,0.5970785373152885,2.4311033251284364,1.8964743693462973,2.1005752425387563,0.13026297530029177,0.3144901168060907,0.5549735837453692
359,1,0.9058478326617634,0.942721299011656,0.8727087982782926,7.445623035573747,0.2599058588159935,0.1632944764934071,0.5766059137974822
360,1,1.0669883747365592,3.4048158051694353,0.8894815139982538,2.6083090439006607,0.14008650231643074,0.30286219580350754,0.5565682421338297
361,1,0.47580978695640413,0.7110876080779758,1.2879737858537967,0.6787426733354457,0.06954225871712823,0.37997524146395634,0.5433282694846032
362,1,0.759853335694412,0.9028644239266166,0.6944004882923374,2.9522890518165883,0.12522790727701305,0.31472908622052326,0.5525346684444075
363,1,2.2101784345904147,0.38395949080272396,3.3069333946823383,0.9851046802107868,0.28659261905140154,0.13222548290824154,0.5810679378930551
364,1,0.9909720749839903,0.9027814316001385,1.853484294110174,1.6576576581995375,0.19795065703241355,0.2355735073181162,0.5662746482037214
365,1,0.7057922162780371,1.050852889125392,0.41038671326559795,3.662184900707935,0.08728111797827287,0.33960180666021506,0.5406686783940071
366,1,0.5631480726447037,0.5496389371596634,0.618887101655138,1.1194180407885304,0.06779482606506614,0.3440401665939033,0.5321929306595475
367,1,1.7086531274905246,0.7961505233826014,1.0366840610026935,0.80523561947604,0.15906175660650185,0.27284806429995423,0.5574822500575551
368,1,2.48572962051933,1.1942966634798011,0.3155045434489815,2.831656038499155,0.13556126202196758,0.251659686252681,0.5396826056832565
369,1,1.287724629017082,3.873164317105413,0.6687409645183358,0.7252217896190706,0.044168947058719536,0.4055163956837818,0.5379393196877339
370,1,0.9055876408264222,0.38666915590156103,0.7918705872489079,2.4399302437213644,0.1584987977930595,0.2667786777061284,0.5554707699628936
371,1,1.6622804320485567,0.1937593902011933,2.4950792999035647,1.3136009026373499,0.263702075656953,0.15813019854214538,0.5770286507693754
372,1,1.80667055664816,1.0545934929335492,1.169489819986897,1.0664365256905284,0.18119497366225862,0.25335803556836944,0.5629794956087607
373,1,1.0625060398989667,0.5006358608073238,2.1084503534869845,1.1915622952341278,0.20170518206112675,0.23112105408635894,0.5668811216259165
374,1,1.338828606862251,1.3027475309890608,0.83063059081962,0.984286582291235,0.11306535089843371,0.3262115255673467,0.5497309782007006
375,1,0.4066060297082569,1.2295008739102418,1.242748882885358,0.8680633960934948,0.05392400731073234,0.4019169349039644,0.5417864763529043
376,1,0.3125926939155793,2.5841492603285623,0.9099613369613085,1.0116005210953618,0.01183058395003306,0.4464977394678962,0.5334825404351915
377,1,0.826792406239607,0.67901894715654,0.7748760865395778,0.4750957178334585,0.07700051833405729,0.3436267884711153,0.5366737485054996
378,1,0.6847382007668521,4.269241229084726,2.322011655329413,4.094856550966054,0.14080300786462796,0.3022716425641087,0.5567562487447013
379,1,0.6680961097044752,0.2775333261035709,0.3996572008240306,0.165726762379964,0.07217573105261538,0.25553579526820375,0.5090893373924817
380,1,2.171823612594513,2.3965134148119356,1.1055612830261037,1.332037348809695,0.1845829107842986,0.2508678942865867,0.5639594329423799
381,1,1.3240493707399212,0.9474910767797843,1.7001330780291495,0.5087401212295809,0.16346554598601987,0.2752492314098053,0.5603582294900222
382,1,0.7561704934634154,0.9267678487393939,0.3162881010733543,0.5111854452642347,0.03672842983913062,0.30705103044492604,0.506089960926885
383,1,1.387385181883021,1.303452211139927,0.18619166885679161,1.9318256133006424,0.060934817904924776,0.2681094036905668,0.5070691355020102
384,1,1.3081204643874071,1.746640735109513,0.9805617210177959,1.5396728378781117,0.14707958767135113,0.2942050771452666,0.5575922478397821
385,1,0.41933585876624874,0.8840483116562167,0.4911004234902759,0.7167165715263376,0.025627578906713272,0.36667781901085084,0.5175770236436072
386,1,2.3072008667885044,3.159486943500014,1.0501831074080001,0.7552556692329915,0.1440101217651844,0.2977318031243974,0.5570573145338696
387,1,1.7586737939842592,1.4084297468216551,3.8612584411373954,1.5855626211434795,0.261968567756589,0.1609327265862923,0.5769520777938193
388,1,0.20329581687775536,1.068733795882572,0.8204036387276815,0.5884166577786187,0.008763431764194706,0.41952659631901656,0.5242448878730953
389,1,1.1262757317922534,1.0671233235497335,0.8032559873489926,2.903042431011789,0.16912194141237347,0.2674080403365253,0.5609607672650447
390,1,1.3275936713827388,1.3571055967141525,1.1442542032954144,2.379887864893085,0.20226399507161216,0.2304416484939136,0.5669674329856238
391,1,0.47537753975912184,2.3637990527036252,0.8705835568329057,2.8640387876346804,0.09097293847299727,0.36020477808900253,0.5483959783748241
392,1,2.7386874386377595,1.4469853734923168,0.7497981158116275,1.2461085919119022,0.16328934417112415,0.26588039647212464,0.5576071855922013
393,1,1.3102563484549705,0.37460190143511596,0.8200285145498966,0.6333242386869409,0.14167719817175972,0.2648907640814144,0.5465185374041125
394,1,2.6454820534143533,3.318483509271025,0.6215796465825517,0.7132330075580071,0.08980098092152,0.347764042768574,0.544255082144246
395,1,0.4129149767723672,1.2285620018172985,1.79445751945734,3.532341812535253,0.15652608519158762,0.2839259939772788,0.5593778077520694
396,1,0.422890964238208,1.9467201132782572,0.9254196056339262,0.6241374270652451,0.019468953489877597,0.4336158253589992,0.5336190941887784
397,1,0.8063427410550901,0.6051592749974096,1.3926713386197411,1.0234928556451184,0.13521062146142607,0.30653709263795653,0.5551818831718036
398,1,2.316842180735314,0.7105567214097226,0.2818779364537194,0.5163558663198025,0.10217734310559042,0.21840209998473162,0.51348573382953
399,1,1.2926714930409924,0.3696719289407816,0.6086262114322266,1.475753572862694,0.14950947634586792,0.24795161133772942,0.5455968992753076
400,1,0.3967512743993402,1.8229289725090376,1.2878201748441416,0.6819299654266097,0.04021199204469666,0.4185884853031261,0.5396891410244773
401,1,0.9889636871583115,0.7225592190671603,0.7752983563901438,0.813031371543481,0.09790877014873511,0.3281302407224712,0.5427022790215015
402,1,1.030964791975113,0.9566688479320727,0.6094669728987019,0.5180542442377053,0.06898001656711035,0.34325802019088925,0.5325586485283608
403,1,4.22986165023846,0.4766146685578844,0.9155160606707444,2.3220425217929104,0.2690743320150859,0.14253887026654474,0.5752615663726067
404,1,2.011229264099518,0.6164431492053766,4.043012317314332,3.4281650768890857,0.33506664522641905,0.07570773234112461,0.5891581574822465
405,1,0.8186553220400925,0.4339575617669573,1.569632970186771,0.8967148070938223,0.14511724948316002,0.29422723120801564,0.5566185439875632
406,1,0.8311416423015539,0.5828269073371132,0.6734338685487496,1.1374896399979624,0.09531206654341429,0.32215691468461893,0.5396988284121221
407,1,1.8878675953363644,0.24427035210962747,0.19786963128352922,1.9745485641211853,0.1456575590963799,0.14097942181554995,0.513108095279945
408,1,0.5679319966917031,1.6347999570684126,1.094691804090394,2.398691731272323,0.12084613404223347,0.3254198971906432,0.5533936354880777
409,1,1.9007915710151193,0.8397630216369789,0.9096378355053945,1.2667710779300765,0.17266352023067008,0.25670095503205176,0.5596717499117229
410,1,1.6962364896913231,0.6599712344074042,0.35744267001194835,1.0907015655667673,0.1102604856405587,0.2497616231302344,0.5264890825075363
411,1,0.9860274054150782,0.9125693075547977,0.5108761662244391,1.5424232258392934,0.08602945053816256,0.32862503890213474,0.5369059302145321
412,1,0.30944978230413106,0.72842046205383,2.4778217175689186,0.473305115245794,0.0679100814563869,0.3871471033548337,0.5445455886764121
413,1,1.3547240011761152,1.3885961691461897,1.3659183175790042,0.3211384273824692,0.12343718702628763,0.3207897903919381,0.5533453312934228
414,1,2.0416813430153633,1.1243049519055972,1.4310405598697005,1.2582953383560878,0.2198405347382192,0.2098124113154864,0.5698596804076949
415,1,1.0627124784375388,2.363542741160892,2.746548985344111,0.2832633769944028,0.10806736239342031,0.34006676421483384,0.5511353899925062
416,1,0.596782564151857,0.9094035295310591,0.22883123643286565,2.8005393827730667,0.04907263339387319,0.3106555390962178,0.5132944191053144
417,1,0.5988228969277961,1.5057853124941534,1.1872683413109408,0.8800890447631146,0.0749308582824201,0.37804109087745136,0.5454667768922407
418,1,0.5104744706107627,0.7969870279777312,1.0888735900046296,1.7571347157004724,0.10049550713831618,0.347443141881165,0.5495132773091796
419,1,0.8890024648852447,0.7792963268924169,0.8629872396709687,2.511824472943725,0.15015404756249282,0.28797609363606586,0.5573536058581751
420,1,1.2508004141546527,0.6437916546583383,0.42980958705181355,0.7720852797287697,0.09196103795512928,0.2813724055324752,0.52637020391619
421,1,0.5465742100901106,0.767053994371134,2.6112364239571693,1.649855496321143,0.16164025569506274,0.2779815397791013,0.5602346736150515
422,1,1.1987931182704707,1.3533374358486236,3.357914914823065,0.46793310711266134,0.17552396771246487,0.2616188053430891,0.562474763185639
423,1,1.3921053750905308,0.8896835652945277,1.1286029943748725,1.076727237338949,0.15961969553404873,0.2772764260868904,0.5590264312681561
424,1,0.8233305638629739,1.4876167371809974,0.23123993983415578,1.2495802699883447,0.028020953044858826,0.3135962598478393,0.5036082269936726
425,1,1.6343721418266237,0.5309077266803968,0.522913737264739,3.8105815433992976,0.19455660510191256,0.21741936962189173,0.5593974284018943
426,1,0.5526765274454837,0.7899480525736765,0.6021765638548445,0.6726524841553384,0.04392607247397181,0.365771317107471,0.5264663056442819
427,1,0.6457218352855222,0.23982229590110662,5.266587165558784,0.621400247335314,0.17398493020847786,0.2636255548627248,0.5623047637081185
428,1,1.3291954868265572,0.968722282883161,2.5852291915090193,1.6469967173012459,0.24151358237835863,0.18477991785058304,0.5735417536650625
429,1,2.2240387336003202,2.2808025704200934,1.8207186391495596,1.0462438750171805,0.2152968588463745,0.21518745542266107,0.5691150959835583
430,1,1.9101032979097319,0.34227435030210235,1.8811642707138365,1.6529543050235473,0.2657262122988469,0.1560055611857052,0.5774333140842349
431,1,1.2586309315452082,0.40950434298220006,2.5538174000432434,0.6432551723892411,0.2070988431137277,0.22470223403391804,0.5677404672875545
432,1,1.5705332787754214,0.2870364738715454,0.9032684732518033,0.6548022426365001,0.17075098491337853,0.23289778183607418,0.5519150772277863
433,1,0.5983415052889899,0.6464792545985002,3.4574707862365206,0.9965847669370974,0.15989618949317197,0.28001724819264534,0.559940551277623
434,1,1.2889444861670751,4.420122840881753,0.3815614313307934,2.9160770456516536,0.05653120679293397,0.387345337531133,0.5389339958559913
435,1,0.790706442212711,0.6622383432728592,0.7690985150189164,0.2939918180848282,0.06941719604348033,0.3464202558336972,0.5336767218796543
436,1,0.3555163868867819,0.46749994634313763,0.6926657724926024,1.663245337055589,0.060077057534961086,0.36615950902733774,0.5346543929460231
437,1,2.146347143845172,0.7903266224482212,1.3137371271557843,1.3722106504739526,0.22450296901263478,0.20351728902085586,0.5703949657334009
438,1,0.869311572687396,1.1895925285004374,0.6781946604123725,1.4888710535130358,0.08340343975357419,0.35516719729558877,0.5431753527741997
439,1,0.871050367360246,1.0441006671427764,1.2106170998723886,1.1230573974280313,0.12555695838249228,0.318874427363944,0.5538785239459258
440,1,0.6210995065826854,0.4022232799362638,0.9694849706913631,0.6878030186896416,0.09076692650210717,0.33553809191467,0.5412483051412138
441,1,0.7048534453648192,0.9441864065946721,0.6226982398133858,1.3800906185237984,0.06813316030754152,0.36126098729706185,0.5372819061073312
442,1,1.334349420154877,0.54653305481098,1.3063986340764504,0.5241034212745592,0.15438882495721032,0.27888284816460807,0.5568674565917457
443,1,1.6645057414637296,1.550328401151754,1.0048394329136348,1.8669417595453617,0.1853168557099317,0.24980261464868395,0.5640256826104916
444,1,2.044637389813753,1.3730184446852123,0.286861182483189,1.1073625815141994,0.07907028030371532,0.2801691653157475,0.5195816434238972
445,1,1.1605149853101486,1.7587690218465701,0.5137490150732669,1.6390724266065673,0.07425855664663397,0.35790981581697073,0.5393870259087444
446,1,1.2866112482345327,1.3349536558459418,0.4305470731503208,0.5569796173347302,0.05593681673518281,0.33470880069418146,0.5235953415043815
447,1,2.1958108889276615,1.78071859771802,0.9520547157874563,2.1253466245063968,0.20681365906287785,0.2247924359287996,0.5676288904780037
448,1,1.207902736220144,0.7566735074274732,0.3404295810440712,2.0193961302565024,0.09917650784472283,0.2799377800731163,0.5295694979331653
449,1,0.9136799314517731,1.1815064164882858,0.2927732754606826,0.6924417420305822,0.03700585858037677,0.3111310970730908,0.5073951299777039
450,1,1.2309589076748741,0.8475180347729817,0.6055219694568315,0.46764376913111705,0.08417636088799739,0.32200217229833084,0.5340832185206786
451,1,1.1565958568515502,0.7785002612221708,0.7939139366976401,0.8198714901323668,0.10876365458525858,0.31884285053664885,0.5454758985743562
452,1,0.6418026066636919,0.7975093945168026,0.6560363136659019,1.0194005244113873,0.061972048206939995,0.3618440197669099,0.5343676306996813
453,1,0.3897578454414661,0.4707743929289342,1.0173257877988076,0.8909471850779918,0.06224438768200525,0.37545121576368795,0.5383912905334324
454,1,1.110261413547098,3.953487597406092,1.6639784921311735,2.1619521692789645,0.1541675643657297,0.28655007668766586,0.5589434062622023
455,1,1.326945421229635,0.9194962741519112,0.5780859152955367,0.27920475182842525,0.07760638052659298,0.32211855570585773,0.5308269855396811
456,1,0.3784524396133166,0.20126064761549323,0.4627965682925445,0.33591694712317866,0.05778170800013454,0.2858222219853823,0.5105519850078342
457,1,0.5140404016552934,0.9828363444398386,0.7532215217050182,1.8257049231379072,0.06872672856334698,0.37668122320529407,0.5419841380201142
458,1,1.8467539842916312,2.0064257029033183,1.7943065180119808,1.196477936531068,0.2111375868270832,0.22007042059456772,0.5684324543814421
459,1,0.7017698208058148,1.3584488778210886,0.8412642476776763,0.869010254228687,0.05936363703174735,0.38713532065096107,0.5402866700911297
460,1,1.3191163079177313,0.47240148087264805,0.32738704410028824,1.245445769078631,0.10908447390327598,0.2368541847330821,0.522213648926089
461,1,3.364841062964746,2.1472439699574415,13.071617870498754,0.3823561577692196,0.2418292447528243,0.1844206786924303,0.5735603181782547
462,1,0.6415292949366209,0.20675914062906575,0.5538188110602096,3.646060999337096,0.152428658418603,0.2538104792605885,0.5487312094103889
463,1,3.0126460563252326,0.4980977186264511,0.8009916940819227,0.5686785024176528,0.1880640212585404,0.2129094730736808,0.5548595540587973
464,1,0.39782443536863726,0.8453337704166703,0.7977643475326481,1.0651714898111662,0.04159240339053402,0.39740162430361264,0.534337038404792
465,1,1.1950589417774786,1.61041944472203,2.557582568955765,0.9466558951185495,0.1859708982827728,0.24948054792335222,0.5642466671383369
466,1,0.8659221831890639,1.0048232388245852,1.3543009242284567,0.9134806594764324,0.12636208128924098,0.3182289477984618,0.5540946442651162
467,1,0.5081163176264903,0.7002121973821883,1.6570747999221171,0.4945987164067742,0.08282898202890011,0.36802584853043463,0.5465509743491905
468,1,1.7422749365425996,0.38533173685491623,1.5166858977986906,1.4958239412302414,0.2347476018870538,0.19054483926551127,0.5718125204418965
469,1,0.8649401257575723,0.983392710247512,0.8529340221715295,3.1544935124747955,0.16272854990671282,0.2756859053342795,0.5601289979181651
470,1,0.7405484502270571,0.6068703932863678,1.2935732114119507,2.1332752964061124,0.16404883078752028,0.2745659378033528,0.5604684137236843
471,1,1.2570997090692437,0.904005653516336,2.0125991205913385,0.5948856798962782,0.17794423753500402,0.2587375783803311,0.5628802747141387
472,1,0.5866100021782948,0.42896976474828985,2.2846503038994426,0.220619655790926,0.10679258094618156,0.34014110715541945,0.5505506912590833
473,1,0.41440017639025667,1.1833846248663475,1.3211389320098101,3.2772507560068322,0.1383296390229329,0.3051185899235561,0.5563356706736913
474,1,1.3365864558856335,0.7131200710861356,2.570997998219674,2.070381046199281,0.2612558682873988,0.1617782092817463,0.5768437902242951
475,1,2.205514574974787,2.071517542847753,1.4162110791347136,0.3705234560290237,0.1574641274808433,0.28202476832355755,0.5592814585823552
476,1,0.4864154429496937,3.8362434399877863,1.0292735507982007,0.2846689300133417,0.006636860098935979,0.4497034631388414,0.5317962040462798
477,1,1.0369697037452832,1.9268645382476446,1.3073871321945105,1.0079845700028391,0.1299084233267443,0.31469097925449685,0.5548531239249558
478,1,0.20483571972586656,1.0400695056578664,0.9091134623204649,3.1319076906652388,0.05750638492282147,0.3988988605045228,0.542720511904318
479,1,1.0003888436673767,0.962504137168911,0.7379937298588852,0.9167703720333792,0.08867834744694723,0.3428928507264705,0.5423048785114669
480,1,1.200332413583141,0.7029114010283423,0.5453488649380581,0.4278665409277645,0.08546054113715804,0.3053378556474981,0.5299643248685763
481,1,1.0791015043422831,0.7814903040085626,0.8005642422079609,0.3527650836867181,0.08757708444684223,0.3350324434257638,0.5395030450068227
482,1,0.5722489540040774,0.27313380530153264,1.9058235376829415,2.221828518149698,0.17668967886561987,0.2601060342962979,0.5626585129139731
483,1,1.3124441220683132,0.9186800107970199,1.364026687785526,0.3599365127824829,0.13491213669882465,0.30582915584913783,0.554817467150128
484,1,0.4013212241454737,2.213664567496994,0.4879419941582324,0.956694976491777,0.005881374590702722,0.4061715420036848,0.5189888857420972
485,1,0.6266152152244084,0.1870958680328362,0.6250040058480036,1.7375249509275528,0.12374950114329339,0.27116267394011917,0.5393492148502199
486,1,2.4245717291064137,0.17668263998561343,0.3387777454905223,0.6664863596749232,0.16815032742735822,0.13815585460179428,0.5235468893289961
487,1,1.9532681074247142,2.282774138593983,2.9326211445686847,3.133602723057042,0.27073557196330983,0.1507073516582709,0.5784185661178736
488,1,0.7413252792875981,0.5039311519248466,1.8633035277053889,0.8324251428337983,0.1434971395864097,0.29833862917721754,0.5569806448117414
489,1,1.0119244025069865,0.7761660636581337,0.7582512660121707,1.8519380659445015,0.1284239041810089,0.30538813806770504,0.5514636030209458
490,1,0.49667231565049613,0.2997727485801518,0.6133304786518511,1.0604645232466623,0.07975927572832223,0.3155012594883418,0.5300217118481697
491,1,0.8019255175459712,0.8970809155666618,0.2527747575755289,0.5409134113358303,0.03719388839927808,0.28059839236472156,0.49876503013204543
492,1,2.058687266017379,0.8757006850736703,0.6174456741004708,2.1243638295811036,0.1695416100155991,0.2503510095217558,0.556298216098348
493,1,0.6675250170918898,1.6411009560630736,1.134336819065413,1.291754658583452,0.09651479564928062,0.35347627792720765,0.5492420463577569
494,1,1.9890269215160803,4.570769692884779,2.340055868997329,0.5459702033757173,0.1369131720368093,0.3065081377758068,0.5559964394862568
495,1,0.45555355885556886,0.7795599265842432,0.8646251762642363,1.5706972308938731,0.06860106534664154,0.37696025485911966,0.5420008559105429
496,1,0.9939882499122845,1.1153438913578604,0.30245598271170454,0.939096666980893,0.047719260068582646,0.31017268136378157,0.5124785136293118
497,1,1.3973164227507837,3.125918491949694,1.6666989219689314,1.035411279836566,0.15226119334300117,0.28866055668271745,0.5585868021765347
498,1,0.4311086273295789,0.9653883276474832,0.97303572469886,0.8798337548594559,0.04668452825318111,0.4017627467114404,0.5381271614678758
499,1,1.0786496401612813,1.3710627498701782,1.3156451571505714,4.481000747286102,0.24693954378883962,0.17841539126749467,0.5744406804740386
